Fund Name,P1,P2,P3,P4,P5,Topsis Score,Rank
M1,0.81,0.66,3.5,36.1,10.27,0.4326878068415003,5
M2,0.92,0.85,6.1,31.6,9.87,0.3971051650247819,6
M3,0.78,0.61,6.7,65.5,18.4,0.5720199480246492,2
M4,0.69,0.48,5.3,40.1,11.64,0.24788927875408615,8
M5,0.67,0.45,4.8,54.9,15.21,0.46451685806011395,4
M6,0.86,0.74,6.6,35.4,10.9,0.3335149903569419,7
M7,0.92,0.85,5.9,66.8,18.62,0.727658284584578,1
M8,0.68,0.46,3.9,53.9,14.74,0.4979880645407879,3
